Class,Subject,Book,Chapter,PDF URL,Book Index URL
Class VI,Science,Curiosity,Prelims,https://ncert.nic.in/textbook/pdf/fecu1ps.pdf,https://ncert.nic.in/textbook.php?fecu1=0-12
Class VI,Science,Curiosity,Chapter 1,https://ncert.nic.in/textbook/pdf/fecu101.pdf,https://ncert.nic.in/textbook.php?fecu1=0-12
Class VI,Science,Curiosity,Chapter 2,https://ncert.nic.in/textbook/pdf/fecu102.pdf,https://ncert.nic.in/textbook.php?fecu1=0-12
Class VI,Science,Curiosity,Chapter 3,https://ncert.nic.in/textbook/pdf/fecu103.pdf,https://ncert.nic.in/textbook.php?fecu1=0-12
Class VI,Science,Curiosity,Chapter 4,https://ncert.nic.in/textbook/pdf/fecu104.pdf,https://ncert.nic.in/textbook.php?fecu1=0-12
Class VI,Science,Curiosity,Chapter 5,https://ncert.nic.in/textbook/pdf/fecu105.pdf,https://ncert.nic.in/textbook.php?fecu1=0-12
Class VI,Science,Curiosity,Chapter 6,https://ncert.nic.in/textbook/pdf/fecu106.pdf,https://ncert.nic.in/textbook.php?fecu1=0-12
Class VI,Science,Curiosity,Chapter 7,https://ncert.nic.in/textbook/pdf/fecu107.pdf,https://ncert.nic.in/textbook.php?fecu1=0-12
Class VI,Science,Curiosity,Chapter 8,https://ncert.nic.in/textbook/pdf/fecu108.pdf,https://ncert.nic.in/textbook.php?fecu1=0-12
Class VI,Science,Curiosity,Chapter 9,https://ncert.nic.in/textbook/pdf/fecu109.pdf,https://ncert.nic.in/textbook.php?fecu1=0-12
Class VI,Science,Curiosity,Chapter 10,https://ncert.nic.in/textbook/pdf/fecu110.pdf,https://ncert.nic.in/textbook.php?fecu1=0-12
Class VI,Science,Curiosity,Chapter 11,https://ncert.nic.in/textbook/pdf/fecu111.pdf,https://ncert.nic.in/textbook.php?fecu1=0-12
Class VI,Science,Curiosity,Chapter 12,https://ncert.nic.in/textbook/pdf/fecu112.pdf,https://ncert.nic.in/textbook.php?fecu1=0-12
,,,,,
Class VI,Social Science,Exploring Society India and Beyond,Prelims,https://ncert.nic.in/textbook/pdf/fees1ps.pdf,https://ncert.nic.in/textbook.php?fees1=0-14
Class VI,Social Science,Exploring Society India and Beyond,Chapter 1,https://ncert.nic.in/textbook/pdf/fees101.pdf,https://ncert.nic.in/textbook.php?fees1=0-14
Class VI,Social Science,Exploring Society India and Beyond,Chapter 2,https://ncert.nic.in/textbook/pdf/fees102.pdf,https://ncert.nic.in/textbook.php?fees1=0-14
Class VI,Social Science,Exploring Society India and Beyond,Chapter 3,https://ncert.nic.in/textbook/pdf/fees103.pdf,https://ncert.nic.in/textbook.php?fees1=0-14
Class VI,Social Science,Exploring Society India and Beyond,Chapter 4,https://ncert.nic.in/textbook/pdf/fees104.pdf,https://ncert.nic.in/textbook.php?fees1=0-14
Class VI,Social Science,Exploring Society India and Beyond,Chapter 5,https://ncert.nic.in/textbook/pdf/fees105.pdf,https://ncert.nic.in/textbook.php?fees1=0-14
Class VI,Social Science,Exploring Society India and Beyond,Chapter 6,https://ncert.nic.in/textbook/pdf/fees106.pdf,https://ncert.nic.in/textbook.php?fees1=0-14
Class VI,Social Science,Exploring Society India and Beyond,Chapter 7,https://ncert.nic.in/textbook/pdf/fees107.pdf,https://ncert.nic.in/textbook.php?fees1=0-14
Class VI,Social Science,Exploring Society India and Beyond,Chapter 8,https://ncert.nic.in/textbook/pdf/fees108.pdf,https://ncert.nic.in/textbook.php?fees1=0-14
Class VI,Social Science,Exploring Society India and Beyond,Chapter 9,https://ncert.nic.in/textbook/pdf/fees109.pdf,https://ncert.nic.in/textbook.php?fees1=0-14
Class VI,Social Science,Exploring Society India and Beyond,Chapter 10,https://ncert.nic.in/textbook/pdf/fees110.pdf,https://ncert.nic.in/textbook.php?fees1=0-14
Class VI,Social Science,Exploring Society India and Beyond,Chapter 11,https://ncert.nic.in/textbook/pdf/fees111.pdf,https://ncert.nic.in/textbook.php?fees1=0-14
Class VI,Social Science,Exploring Society India and Beyond,Chapter 12,https://ncert.nic.in/textbook/pdf/fees112.pdf,https://ncert.nic.in/textbook.php?fees1=0-14
Class VI,Social Science,Exploring Society India and Beyond,Chapter 13,https://ncert.nic.in/textbook/pdf/fees113.pdf,https://ncert.nic.in/textbook.php?fees1=0-14
Class VI,Social Science,Exploring Society India and Beyond,Chapter 14,https://ncert.nic.in/textbook/pdf/fees114.pdf,https://ncert.nic.in/textbook.php?fees1=0-14
Class VII,Science,Curiosity,Prelims,https://ncert.nic.in/textbook/pdf/gecu1ps.pdf,https://ncert.nic.in/textbook.php?gecu1=0-12
Class VII,Science,Curiosity,Chapter 1,https://ncert.nic.in/textbook/pdf/gecu101.pdf,https://ncert.nic.in/textbook.php?gecu1=0-12
Class VII,Science,Curiosity,Chapter 2,https://ncert.nic.in/textbook/pdf/gecu102.pdf,https://ncert.nic.in/textbook.php?gecu1=0-12
Class VII,Science,Curiosity,Chapter 3,https://ncert.nic.in/textbook/pdf/gecu103.pdf,https://ncert.nic.in/textbook.php?gecu1=0-12
Class VII,Science,Curiosity,Chapter 4,https://ncert.nic.in/textbook/pdf/gecu104.pdf,https://ncert.nic.in/textbook.php?gecu1=0-12
Class VII,Science,Curiosity,Chapter 5,https://ncert.nic.in/textbook/pdf/gecu105.pdf,https://ncert.nic.in/textbook.php?gecu1=0-12
Class VII,Science,Curiosity,Chapter 6,https://ncert.nic.in/textbook/pdf/gecu106.pdf,https://ncert.nic.in/textbook.php?gecu1=0-12
Class VII,Science,Curiosity,Chapter 7,https://ncert.nic.in/textbook/pdf/gecu107.pdf,https://ncert.nic.in/textbook.php?gecu1=0-12
Class VII,Science,Curiosity,Chapter 8,https://ncert.nic.in/textbook/pdf/gecu108.pdf,https://ncert.nic.in/textbook.php?gecu1=0-12
Class VII,Science,Curiosity,Chapter 9,https://ncert.nic.in/textbook/pdf/gecu109.pdf,https://ncert.nic.in/textbook.php?gecu1=0-12
Class VII,Science,Curiosity,Chapter 10,https://ncert.nic.in/textbook/pdf/gecu110.pdf,https://ncert.nic.in/textbook.php?gecu1=0-12
Class VII,Science,Curiosity,Chapter 11,https://ncert.nic.in/textbook/pdf/gecu111.pdf,https://ncert.nic.in/textbook.php?gecu1=0-12
Class VII,Science,Curiosity,Chapter 12,https://ncert.nic.in/textbook/pdf/gecu112.pdf,https://ncert.nic.in/textbook.php?gecu1=0-12
Class VII,Social Science,Exploring Society India and Beyond Part-I,Prelims,https://ncert.nic.in/textbook/pdf/gees1ps.pdf,https://ncert.nic.in/textbook.php?gees1=0-12
Class VII,Social Science,Exploring Society India and Beyond Part-I,Chapter 1,https://ncert.nic.in/textbook/pdf/gees101.pdf,https://ncert.nic.in/textbook.php?gees1=0-12
Class VII,Social Science,Exploring Society India and Beyond Part-I,Chapter 2,https://ncert.nic.in/textbook/pdf/gees102.pdf,https://ncert.nic.in/textbook.php?gees1=0-12
Class VII,Social Science,Exploring Society India and Beyond Part-I,Chapter 3,https://ncert.nic.in/textbook/pdf/gees103.pdf,https://ncert.nic.in/textbook.php?gees1=0-12
Class VII,Social Science,Exploring Society India and Beyond Part-I,Chapter 4,https://ncert.nic.in/textbook/pdf/gees104.pdf,https://ncert.nic.in/textbook.php?gees1=0-12
Class VII,Social Science,Exploring Society India and Beyond Part-I,Chapter 5,https://ncert.nic.in/textbook/pdf/gees105.pdf,https://ncert.nic.in/textbook.php?gees1=0-12
Class VII,Social Science,Exploring Society India and Beyond Part-I,Chapter 6,https://ncert.nic.in/textbook/pdf/gees106.pdf,https://ncert.nic.in/textbook.php?gees1=0-12
Class VII,Social Science,Exploring Society India and Beyond Part-I,Chapter 7,https://ncert.nic.in/textbook/pdf/gees107.pdf,https://ncert.nic.in/textbook.php?gees1=0-12
Class VII,Social Science,Exploring Society India and Beyond Part-I,Chapter 8,https://ncert.nic.in/textbook/pdf/gees108.pdf,https://ncert.nic.in/textbook.php?gees1=0-12
Class VII,Social Science,Exploring Society India and Beyond Part-I,Chapter 9,https://ncert.nic.in/textbook/pdf/gees109.pdf,https://ncert.nic.in/textbook.php?gees1=0-12
Class VII,Social Science,Exploring Society India and Beyond Part-I,Chapter 10,https://ncert.nic.in/textbook/pdf/gees110.pdf,https://ncert.nic.in/textbook.php?gees1=0-12
Class VII,Social Science,Exploring Society India and Beyond Part-I,Chapter 11,https://ncert.nic.in/textbook/pdf/gees111.pdf,https://ncert.nic.in/textbook.php?gees1=0-12
Class VII,Social Science,Exploring Society India and Beyond Part-I,Chapter 12,https://ncert.nic.in/textbook/pdf/gees112.pdf,https://ncert.nic.in/textbook.php?gees1=0-12
Class VII,Social Science,Exploring Society India and Beyond Part-II,Prelims,https://ncert.nic.in/textbook/pdf/gees2ps.pdf,https://ncert.nic.in/textbook.php?gees2=0-8
Class VII,Social Science,Exploring Society India and Beyond Part-II,Chapter 1,https://ncert.nic.in/textbook/pdf/gees201.pdf,https://ncert.nic.in/textbook.php?gees2=0-8
Class VII,Social Science,Exploring Society India and Beyond Part-II,Chapter 2,https://ncert.nic.in/textbook/pdf/gees202.pdf,https://ncert.nic.in/textbook.php?gees2=0-8
Class VII,Social Science,Exploring Society India and Beyond Part-II,Chapter 3,https://ncert.nic.in/textbook/pdf/gees203.pdf,https://ncert.nic.in/textbook.php?gees2=0-8
Class VII,Social Science,Exploring Society India and Beyond Part-II,Chapter 4,https://ncert.nic.in/textbook/pdf/gees204.pdf,https://ncert.nic.in/textbook.php?gees2=0-8
Class VII,Social Science,Exploring Society India and Beyond Part-II,Chapter 5,https://ncert.nic.in/textbook/pdf/gees205.pdf,https://ncert.nic.in/textbook.php?gees2=0-8
Class VII,Social Science,Exploring Society India and Beyond Part-II,Chapter 6,https://ncert.nic.in/textbook/pdf/gees206.pdf,https://ncert.nic.in/textbook.php?gees2=0-8
Class VII,Social Science,Exploring Society India and Beyond Part-II,Chapter 7,https://ncert.nic.in/textbook/pdf/gees207.pdf,https://ncert.nic.in/textbook.php?gees2=0-8
Class VII,Social Science,Exploring Society India and Beyond Part-II,Chapter 8,https://ncert.nic.in/textbook/pdf/gees208.pdf,https://ncert.nic.in/textbook.php?gees2=0-8
Class VIII,Science,Curiosity,Prelims,https://ncert.nic.in/textbook/pdf/hecu1ps.pdf,https://ncert.nic.in/textbook.php?hecu1=0-13
Class VIII,Science,Curiosity,Chapter 1,https://ncert.nic.in/textbook/pdf/hecu101.pdf,https://ncert.nic.in/textbook.php?hecu1=0-13
Class VIII,Science,Curiosity,Chapter 2,https://ncert.nic.in/textbook/pdf/hecu102.pdf,https://ncert.nic.in/textbook.php?hecu1=0-13
Class VIII,Science,Curiosity,Chapter 3,https://ncert.nic.in/textbook/pdf/hecu103.pdf,https://ncert.nic.in/textbook.php?hecu1=0-13
Class VIII,Science,Curiosity,Chapter 4,https://ncert.nic.in/textbook/pdf/hecu104.pdf,https://ncert.nic.in/textbook.php?hecu1=0-13
Class VIII,Science,Curiosity,Chapter 5,https://ncert.nic.in/textbook/pdf/hecu105.pdf,https://ncert.nic.in/textbook.php?hecu1=0-13
Class VIII,Science,Curiosity,Chapter 6,https://ncert.nic.in/textbook/pdf/hecu106.pdf,https://ncert.nic.in/textbook.php?hecu1=0-13
Class VIII,Science,Curiosity,Chapter 7,https://ncert.nic.in/textbook/pdf/hecu107.pdf,https://ncert.nic.in/textbook.php?hecu1=0-13
Class VIII,Science,Curiosity,Chapter 8,https://ncert.nic.in/textbook/pdf/hecu108.pdf,https://ncert.nic.in/textbook.php?hecu1=0-13
Class VIII,Science,Curiosity,Chapter 9,https://ncert.nic.in/textbook/pdf/hecu109.pdf,https://ncert.nic.in/textbook.php?hecu1=0-13
Class VIII,Science,Curiosity,Chapter 10,https://ncert.nic.in/textbook/pdf/hecu110.pdf,https://ncert.nic.in/textbook.php?hecu1=0-13
Class VIII,Science,Curiosity,Chapter 11,https://ncert.nic.in/textbook/pdf/hecu111.pdf,https://ncert.nic.in/textbook.php?hecu1=0-13
Class VIII,Science,Curiosity,Chapter 12,https://ncert.nic.in/textbook/pdf/hecu112.pdf,https://ncert.nic.in/textbook.php?hecu1=0-13
Class VIII,Science,Curiosity,Chapter 13,https://ncert.nic.in/textbook/pdf/hecu113.pdf,https://ncert.nic.in/textbook.php?hecu1=0-13
Class VIII,Social Science,Exploring Society India and Beyond Part-I,Prelims,https://ncert.nic.in/textbook/pdf/hees1ps.pdf,https://ncert.nic.in/textbook.php?hees1=0-7
Class VIII,Social Science,Exploring Society India and Beyond Part-I,Chapter 1,https://ncert.nic.in/textbook/pdf/hees101.pdf,https://ncert.nic.in/textbook.php?hees1=0-7
Class VIII,Social Science,Exploring Society India and Beyond Part-I,Chapter 2,https://ncert.nic.in/textbook/pdf/hees102.pdf,https://ncert.nic.in/textbook.php?hees1=0-7
Class VIII,Social Science,Exploring Society India and Beyond Part-I,Chapter 3,https://ncert.nic.in/textbook/pdf/hees103.pdf,https://ncert.nic.in/textbook.php?hees1=0-7
Class VIII,Social Science,Exploring Society India and Beyond Part-I,Chapter 4,https://ncert.nic.in/textbook/pdf/hees104.pdf,https://ncert.nic.in/textbook.php?hees1=0-7
Class VIII,Social Science,Exploring Society India and Beyond Part-I,Chapter 5,https://ncert.nic.in/textbook/pdf/hees105.pdf,https://ncert.nic.in/textbook.php?hees1=0-7
Class VIII,Social Science,Exploring Society India and Beyond Part-I,Chapter 6,https://ncert.nic.in/textbook/pdf/hees106.pdf,https://ncert.nic.in/textbook.php?hees1=0-7
Class VIII,Social Science,Exploring Society India and Beyond Part-I,Chapter 7,https://ncert.nic.in/textbook/pdf/hees107.pdf,https://ncert.nic.in/textbook.php?hees1=0-7
Class IX,Science,Science,Prelims,https://ncert.nic.in/textbook/pdf/iesc1ps.pdf,https://ncert.nic.in/textbook.php?iesc1=0-12
Class IX,Science,Science,Chapter 1,https://ncert.nic.in/textbook/pdf/iesc101.pdf,https://ncert.nic.in/textbook.php?iesc1=0-12
Class IX,Science,Science,Chapter 2,https://ncert.nic.in/textbook/pdf/iesc102.pdf,https://ncert.nic.in/textbook.php?iesc1=0-12
Class IX,Science,Science,Chapter 3,https://ncert.nic.in/textbook/pdf/iesc103.pdf,https://ncert.nic.in/textbook.php?iesc1=0-12
Class IX,Science,Science,Chapter 4,https://ncert.nic.in/textbook/pdf/iesc104.pdf,https://ncert.nic.in/textbook.php?iesc1=0-12
Class IX,Science,Science,Chapter 5,https://ncert.nic.in/textbook/pdf/iesc105.pdf,https://ncert.nic.in/textbook.php?iesc1=0-12
Class IX,Science,Science,Chapter 6,https://ncert.nic.in/textbook/pdf/iesc106.pdf,https://ncert.nic.in/textbook.php?iesc1=0-12
Class IX,Science,Science,Chapter 7,https://ncert.nic.in/textbook/pdf/iesc107.pdf,https://ncert.nic.in/textbook.php?iesc1=0-12
Class IX,Science,Science,Chapter 8,https://ncert.nic.in/textbook/pdf/iesc108.pdf,https://ncert.nic.in/textbook.php?iesc1=0-12
Class IX,Science,Science,Chapter 9,https://ncert.nic.in/textbook/pdf/iesc109.pdf,https://ncert.nic.in/textbook.php?iesc1=0-12
Class IX,Science,Science,Chapter 10,https://ncert.nic.in/textbook/pdf/iesc110.pdf,https://ncert.nic.in/textbook.php?iesc1=0-12
Class IX,Science,Science,Chapter 11,https://ncert.nic.in/textbook/pdf/iesc111.pdf,https://ncert.nic.in/textbook.php?iesc1=0-12
Class IX,Science,Science,Chapter 12,https://ncert.nic.in/textbook/pdf/iesc112.pdf,https://ncert.nic.in/textbook.php?iesc1=0-12
Class IX,Social Science,Contemporary India-I,Prelims,https://ncert.nic.in/textbook/pdf/iess1ps.pdf,https://ncert.nic.in/textbook.php?iess1=0-6
Class IX,Social Science,Contemporary India-I,Chapter 1,https://ncert.nic.in/textbook/pdf/iess101.pdf,https://ncert.nic.in/textbook.php?iess1=0-6
Class IX,Social Science,Contemporary India-I,Chapter 2,https://ncert.nic.in/textbook/pdf/iess102.pdf,https://ncert.nic.in/textbook.php?iess1=0-6
Class IX,Social Science,Contemporary India-I,Chapter 3,https://ncert.nic.in/textbook/pdf/iess103.pdf,https://ncert.nic.in/textbook.php?iess1=0-6
Class IX,Social Science,Contemporary India-I,Chapter 4,https://ncert.nic.in/textbook/pdf/iess104.pdf,https://ncert.nic.in/textbook.php?iess1=0-6
Class IX,Social Science,Contemporary India-I,Chapter 5,https://ncert.nic.in/textbook/pdf/iess105.pdf,https://ncert.nic.in/textbook.php?iess1=0-6
Class IX,Social Science,Contemporary India-I,Chapter 6,https://ncert.nic.in/textbook/pdf/iess106.pdf,https://ncert.nic.in/textbook.php?iess1=0-6
Class IX,Social Science,Democratic Politics-I,Prelims,https://ncert.nic.in/textbook/pdf/iess4ps.pdf,https://ncert.nic.in/textbook.php?iess4=0-5
Class IX,Social Science,Democratic Politics-I,Chapter 1,https://ncert.nic.in/textbook/pdf/iess401.pdf,https://ncert.nic.in/textbook.php?iess4=0-5
Class IX,Social Science,Democratic Politics-I,Chapter 2,https://ncert.nic.in/textbook/pdf/iess402.pdf,https://ncert.nic.in/textbook.php?iess4=0-5
Class IX,Social Science,Democratic Politics-I,Chapter 3,https://ncert.nic.in/textbook/pdf/iess403.pdf,https://ncert.nic.in/textbook.php?iess4=0-5
Class IX,Social Science,Democratic Politics-I,Chapter 4,https://ncert.nic.in/textbook/pdf/iess404.pdf,https://ncert.nic.in/textbook.php?iess4=0-5
Class IX,Social Science,Democratic Politics-I,Chapter 5,https://ncert.nic.in/textbook/pdf/iess405.pdf,https://ncert.nic.in/textbook.php?iess4=0-5
Class IX,Social Science,Economics,Prelims,https://ncert.nic.in/textbook/pdf/iess2ps.pdf,https://ncert.nic.in/textbook.php?iess2=0-4
Class IX,Social Science,Economics,Chapter 1,https://ncert.nic.in/textbook/pdf/iess201.pdf,https://ncert.nic.in/textbook.php?iess2=0-4
Class IX,Social Science,Economics,Chapter 2,https://ncert.nic.in/textbook/pdf/iess202.pdf,https://ncert.nic.in/textbook.php?iess2=0-4
Class IX,Social Science,Economics,Chapter 3,https://ncert.nic.in/textbook/pdf/iess203.pdf,https://ncert.nic.in/textbook.php?iess2=0-4
Class IX,Social Science,Economics,Chapter 4,https://ncert.nic.in/textbook/pdf/iess204.pdf,https://ncert.nic.in/textbook.php?iess2=0-4
Class IX,Social Science,India and the Contemporary World-I,Prelims,https://ncert.nic.in/textbook/pdf/iess3ps.pdf,https://ncert.nic.in/textbook.php?iess3=0-5
Class IX,Social Science,India and the Contemporary World-I,Chapter 1,https://ncert.nic.in/textbook/pdf/iess301.pdf,https://ncert.nic.in/textbook.php?iess3=0-5
Class IX,Social Science,India and the Contemporary World-I,Chapter 2,https://ncert.nic.in/textbook/pdf/iess302.pdf,https://ncert.nic.in/textbook.php?iess3=0-5
Class IX,Social Science,India and the Contemporary World-I,Chapter 3,https://ncert.nic.in/textbook/pdf/iess303.pdf,https://ncert.nic.in/textbook.php?iess3=0-5
Class IX,Social Science,India and the Contemporary World-I,Chapter 4,https://ncert.nic.in/textbook/pdf/iess304.pdf,https://ncert.nic.in/textbook.php?iess3=0-5
Class IX,Social Science,India and the Contemporary World-I,Chapter 5,https://ncert.nic.in/textbook/pdf/iess305.pdf,https://ncert.nic.in/textbook.php?iess3=0-5
Class X,Science,Science,Prelims,https://ncert.nic.in/textbook/pdf/jesc1ps.pdf,https://ncert.nic.in/textbook.php?jesc1=0-13
Class X,Science,Science,Chapter 1,https://ncert.nic.in/textbook/pdf/jesc101.pdf,https://ncert.nic.in/textbook.php?jesc1=0-13
Class X,Science,Science,Chapter 2,https://ncert.nic.in/textbook/pdf/jesc102.pdf,https://ncert.nic.in/textbook.php?jesc1=0-13
Class X,Science,Science,Chapter 3,https://ncert.nic.in/textbook/pdf/jesc103.pdf,https://ncert.nic.in/textbook.php?jesc1=0-13
Class X,Science,Science,Chapter 4,https://ncert.nic.in/textbook/pdf/jesc104.pdf,https://ncert.nic.in/textbook.php?jesc1=0-13
Class X,Science,Science,Chapter 5,https://ncert.nic.in/textbook/pdf/jesc105.pdf,https://ncert.nic.in/textbook.php?jesc1=0-13
Class X,Science,Science,Chapter 6,https://ncert.nic.in/textbook/pdf/jesc106.pdf,https://ncert.nic.in/textbook.php?jesc1=0-13
Class X,Science,Science,Chapter 7,https://ncert.nic.in/textbook/pdf/jesc107.pdf,https://ncert.nic.in/textbook.php?jesc1=0-13
Class X,Science,Science,Chapter 8,https://ncert.nic.in/textbook/pdf/jesc108.pdf,https://ncert.nic.in/textbook.php?jesc1=0-13
Class X,Science,Science,Chapter 9,https://ncert.nic.in/textbook/pdf/jesc109.pdf,https://ncert.nic.in/textbook.php?jesc1=0-13
Class X,Science,Science,Chapter 10,https://ncert.nic.in/textbook/pdf/jesc110.pdf,https://ncert.nic.in/textbook.php?jesc1=0-13
Class X,Science,Science,Chapter 11,https://ncert.nic.in/textbook/pdf/jesc111.pdf,https://ncert.nic.in/textbook.php?jesc1=0-13
Class X,Science,Science,Chapter 12,https://ncert.nic.in/textbook/pdf/jesc112.pdf,https://ncert.nic.in/textbook.php?jesc1=0-13
Class X,Science,Science,Chapter 13,https://ncert.nic.in/textbook/pdf/jesc113.pdf,https://ncert.nic.in/textbook.php?jesc1=0-13
Class X,Social Science,Contemporary India,Prelims,https://ncert.nic.in/textbook/pdf/jess1ps.pdf,https://ncert.nic.in/textbook.php?jess1=0-7
Class X,Social Science,Contemporary India,Chapter 1,https://ncert.nic.in/textbook/pdf/jess101.pdf,https://ncert.nic.in/textbook.php?jess1=0-7
Class X,Social Science,Contemporary India,Chapter 2,https://ncert.nic.in/textbook/pdf/jess102.pdf,https://ncert.nic.in/textbook.php?jess1=0-7
Class X,Social Science,Contemporary India,Chapter 3,https://ncert.nic.in/textbook/pdf/jess103.pdf,https://ncert.nic.in/textbook.php?jess1=0-7
Class X,Social Science,Contemporary India,Chapter 4,https://ncert.nic.in/textbook/pdf/jess104.pdf,https://ncert.nic.in/textbook.php?jess1=0-7
Class X,Social Science,Contemporary India,Chapter 5,https://ncert.nic.in/textbook/pdf/jess105.pdf,https://ncert.nic.in/textbook.php?jess1=0-7
Class X,Social Science,Contemporary India,Chapter 6,https://ncert.nic.in/textbook/pdf/jess106.pdf,https://ncert.nic.in/textbook.php?jess1=0-7
Class X,Social Science,Contemporary India,Chapter 7,https://ncert.nic.in/textbook/pdf/jess107.pdf,https://ncert.nic.in/textbook.php?jess1=0-7
Class X,Social Science,Democratic Politics,Prelims,https://ncert.nic.in/textbook/pdf/jess4ps.pdf,https://ncert.nic.in/textbook.php?jess4=0-5
Class X,Social Science,Democratic Politics,Chapter 1,https://ncert.nic.in/textbook/pdf/jess401.pdf,https://ncert.nic.in/textbook.php?jess4=0-5
Class X,Social Science,Democratic Politics,Chapter 2,https://ncert.nic.in/textbook/pdf/jess402.pdf,https://ncert.nic.in/textbook.php?jess4=0-5
Class X,Social Science,Democratic Politics,Chapter 3,https://ncert.nic.in/textbook/pdf/jess403.pdf,https://ncert.nic.in/textbook.php?jess4=0-5
Class X,Social Science,Democratic Politics,Chapter 4,https://ncert.nic.in/textbook/pdf/jess404.pdf,https://ncert.nic.in/textbook.php?jess4=0-5
Class X,Social Science,Democratic Politics,Chapter 5,https://ncert.nic.in/textbook/pdf/jess405.pdf,https://ncert.nic.in/textbook.php?jess4=0-5
Class X,Social Science,India and the Contemporary World-II,Prelims,https://ncert.nic.in/textbook/pdf/jess3ps.pdf,https://ncert.nic.in/textbook.php?jess3=0-5
Class X,Social Science,India and the Contemporary World-II,Chapter 1,https://ncert.nic.in/textbook/pdf/jess301.pdf,https://ncert.nic.in/textbook.php?jess3=0-5
Class X,Social Science,India and the Contemporary World-II,Chapter 2,https://ncert.nic.in/textbook/pdf/jess302.pdf,https://ncert.nic.in/textbook.php?jess3=0-5
Class X,Social Science,India and the Contemporary World-II,Chapter 3,https://ncert.nic.in/textbook/pdf/jess303.pdf,https://ncert.nic.in/textbook.php?jess3=0-5
Class X,Social Science,India and the Contemporary World-II,Chapter 4,https://ncert.nic.in/textbook/pdf/jess304.pdf,https://ncert.nic.in/textbook.php?jess3=0-5
Class X,Social Science,India and the Contemporary World-II,Chapter 5,https://ncert.nic.in/textbook/pdf/jess305.pdf,https://ncert.nic.in/textbook.php?jess3=0-5
Class X,Social Science,Understanding Economic Development,Prelims,https://ncert.nic.in/textbook/pdf/jess2ps.pdf,https://ncert.nic.in/textbook.php?jess2=0-5
Class X,Social Science,Understanding Economic Development,Chapter 1,https://ncert.nic.in/textbook/pdf/jess201.pdf,https://ncert.nic.in/textbook.php?jess2=0-5
Class X,Social Science,Understanding Economic Development,Chapter 2,https://ncert.nic.in/textbook/pdf/jess202.pdf,https://ncert.nic.in/textbook.php?jess2=0-5
Class X,Social Science,Understanding Economic Development,Chapter 3,https://ncert.nic.in/textbook/pdf/jess203.pdf,https://ncert.nic.in/textbook.php?jess2=0-5
Class X,Social Science,Understanding Economic Development,Chapter 4,https://ncert.nic.in/textbook/pdf/jess204.pdf,https://ncert.nic.in/textbook.php?jess2=0-5
Class X,Social Science,Understanding Economic Development,Chapter 5,https://ncert.nic.in/textbook/pdf/jess205.pdf,https://ncert.nic.in/textbook.php?jess2=0-5